<?xml version="1.0"?>
<addon scheme="3.0">
    <id>module_admin</id>
    <name>CS-CART MODULE ADMIN</name>
    <description>Новый модуль админ тест</description>
    <default_language>ru</default_language>
    <status>active</status>
    <version>2.0</version>
    <queries>
        <item for="install">
            CREATE TABLE `?:users_module_admin` (
            `id` int(10) unsigned NOT NULL auto_increment,
            `user_id` mediumint(8) unsigned NOT NULL default '0',
            `token` mediumtext,
            PRIMARY KEY (`id`)
            ) ENGINE=MyISAM DEFAULT CHARSET=utf8
        </item>
        <item for="install">
            CREATE TABLE `?:users_devices_module_admin` (
            `id` int(10) unsigned NOT NULL auto_increment,
            `user_id` mediumint(8) unsigned NOT NULL default '0',
            `device_token` mediumtext,
            `os_type` varchar(25) NOT NULL default '',
            PRIMARY KEY  (`id`)
            ) ENGINE=MyISAM DEFAULT CHARSET=utf8
        </item>
        <item for="uninstall">DROP TABLE IF EXISTS `?:users_module_admin`</item>
        <item for="uninstall">DROP TABLE IF EXISTS `?:users_devices_module_admin`</item>
    </queries>
</addon>
